month,up,down
2005-12,6207,2695
2006-01,26091,13548
2006-02,35420,15275
2006-03,56496,22961
2006-04,88959,37908
2006-05,136833,55874
2006-06,132352,58007
2006-07,173625,78727
2006-08,245467,112738
2006-09,233315,103824
2006-10,262484,100770
2006-11,302341,126019
2006-12,309778,126687
2007-01,424459,172416
2007-02,491747,140019
2007-03,538593,174149
2007-04,643423,221853
2007-05,868261,299151
2007-06,923182,314274
2007-07,1046856,344023
2007-08,1109356,358070
2007-09,1297733,431036
2007-10,1280777,377944
2007-11,1527280,345859
2007-12,1676894,390746
2008-01,2111172,464908
2008-02,2001023,455310
2008-03,1982609,506679
2008-04,1961394,512422
2008-05,2367885,599275
2008-06,2604044,636442
2008-07,2738660,660738
2008-08,2812178,687661
2008-09,3023228,663620
2008-10,3480814,698906
2008-11,3565034,727868
2008-12,3926010,819068
2009-01,4977513,1054551
2009-02,4278844,880413
2009-03,4756791,977163
2009-04,5113676,1051038
2009-05,5581882,1111688
2009-06,6082466,1330758
2009-07,7167319,1445343
2009-08,8436535,1663018
2009-09,9239988,1730212
2009-10,10620230,1894696
2009-11,10411967,1928962
2009-12,13345174,2473704
2010-01,14134875,2257806
2010-02,13246025,2187464
2010-03,15039145,2427823
2010-04,14899183,2435618
2010-05,15168504,2512074
2010-06,16777156,2815450
2010-07,18544757,3010886
2010-08,20057819,3161493
2010-09,22347696,3323992
2010-10,23679241,3627936
2010-11,26351381,4020637
2010-12,27064059,4076363
2011-01,31052304,4799913
2011-02,29445171,4681462
2011-03,36022814,5658546
2011-04,35219933,5516926
2011-05,44503259,7004843
2011-06,48095701,7790619
2011-07,50397746,8635001
2011-08,63090188,10338263
2011-09,62702105,10242569
2011-10,70035191,11455463
2011-11,72634143,11413751
2011-12,80349927,12746806
2012-01,92443186,14446442
2012-02,92008421,14243069
2012-03,101212581,16095318
2012-04,111966037,17367847
2012-05,121001861,19541534
2012-06,129578068,20593196
2012-07,144442984,22922208
2012-08,156123645,24090551
2012-09,143091332,22863531
2012-10,154498948,24093689
2012-11,157507725,23998812
2012-12,168944563,26586675
2013-01,197387974,29904746
2013-02,179710685,27016960
2013-03,208393266,30906037
2013-04,229632479,33772736
2013-05,230802537,34906023
2013-06,224514605,33532734
2013-07,234238033,35264791
2013-08,230911823,34564156
2013-09,218807062,31546613
2013-10,231571435,32636245
2013-11,239019825,33608458
2013-12,253616316,35973925
2014-01,268512279,37391435
2014-02,241799957,33686711
2014-03,266670491,37397357
2014-04,266267042,36415011
2014-05,266140150,36755508
2014-06,262714886,36052371
2014-07,284532582,39181696
2014-08,289530466,39132394
2014-09,278594224,36809587
2014-10,290930730,38070987
2014-11,292101486,38729732
2014-12,302060103,40224540
2015-01,328886880,42776816
2015-02,309707450,41239016
2015-03,354677814,46488080
2015-04,362417418,47485368
2015-05,365337527,48812662
2015-06,258064149,34994121
