month,link upvotes,link downvotes
2005-06,1306,287
2005-07,6687,1010
2005-08,14944,6057
2005-09,19730,5893
2005-10,27981,10355
2005-11,38269,15309
2005-12,90083,41692
2006-01,139171,73081
2006-02,147829,83393
2006-03,174201,100412
2006-04,185859,99832
2006-05,214132,121130
2006-06,205155,112838
2006-07,271982,146658
2006-08,364543,193957
2006-09,356548,178602
2006-10,404898,201509
2006-11,433090,218937
2006-12,383548,180419
2007-01,517873,258074
2007-02,578106,208560
2007-03,644958,227920
2007-04,716191,289171
2007-05,834794,329442
2007-06,777769,282947
2007-07,906279,354639
2007-08,886599,358127
2007-09,1050080,401654
2007-10,1054619,426913
2007-11,1161631,461278
2007-12,1343446,555365
2008-01,1694081,655674
2008-02,1793904,679709
2008-03,1743496,682679
2008-04,1209804,470172
2008-05,1283876,504747
2008-06,1733657,592933
2008-07,1982608,661973
2008-08,2074936,736882
2008-09,2681440,859600
2008-10,2967047,861996
2008-11,2630968,799183
2008-12,2449406,774730
2009-01,2976221,911201
2009-02,2632074,753604
2009-03,2650986,787843
2009-04,2728382,791580
2009-05,2628462,775213
2009-06,2765960,860825
2009-07,3191679,903661
2009-08,3798648,1023120
2009-09,3580771,926354
2009-10,3678536,936457
2009-11,3587240,926338
2009-12,4244088,1055913
2010-01,5198666,1208109
2010-02,4751095,1123134
2010-03,5214397,1274275
2010-04,5354089,1326168
2010-05,5315478,1356522
2010-06,5618499,1500432
2010-07,5917022,1532735
2010-08,6653199,1667742
2010-09,9142543,1969432
2010-10,9295532,2115221
2010-11,10201244,2349633
2010-12,11116212,2465108
2011-01,12998013,2912558
2011-02,12641733,2779257
2011-03,15307258,3423100
2011-04,16869326,4028823
2011-05,20167659,4967525
2011-06,23311974,5938468
2011-07,25173794,7086033
2011-08,29090324,7716846
2011-09,30170993,7889897
2011-10,34965861,8873581
2011-11,38966772,8932110
2011-12,44000504,9649190
2012-01,51972181,11390388
2012-02,52535541,11387211
2012-03,61887858,13506361
2012-04,68886753,15219077
2012-05,71665423,15529222
2012-06,76001515,16319556
2012-07,85094149,18490093
2012-08,91147849,19720769
2012-09,91157081,19291074
2012-10,99951674,21080697
2012-11,101343705,21110843
2012-12,105662873,22106045
2013-01,116056074,24316892
2013-02,107562222,21897631
2013-03,121923499,25144393
2013-04,128663144,26374570
2013-05,126442437,25476995
2013-06,123317888,24393867
2013-07,126662133,24606534
2013-08,125208895,24037035
2013-09,117189185,22193214
2013-10,124301998,23498706
2013-11,126003871,24342734
2013-12,136674350,25754477
2014-01,144632435,27018611
2014-02,133247608,24623597
2014-03,145663765,26406683
2014-04,141658622,25085018
2014-05,141780889,24548907
2014-06,135881361,22757677
2014-07,142572799,23450396
2014-08,147061886,23813007
2014-09,143563131,22809188
2014-10,153470085,23998618
2014-11,152713207,24112740
2014-12,161604651,24681416
2015-01,174854694,26359745
2015-02,164772825,25217257
2015-03,184809383,27715717
2015-04,181405816,27069611
2015-05,181074807,27073652
2015-06,129964821,20852402
