Month,Accounts,Subreddits,Submissions,Comments
2005-06,48,0,113,0
2005-07,218,0,1075,0
2005-08,661,0,2088,0
2005-09,523,0,2439,0
2005-10,587,0,3508,0
2005-11,1385,0,3714,0
2005-12,3175,0,5330,2357
2006-01,3694,2,8128,7953
2006-02,4828,26,9627,9541
2006-03,6907,7,12683,14321
2006-04,6100,7,12783,19866
2006-05,7331,4,14941,27423
2006-06,9847,1,17079,29983
2006-07,9182,4,24899,37587
2006-08,13517,0,42277,50659
2006-09,14172,0,55163,50773
2006-10,15607,1,38748,54536
2006-11,20457,1,37220,62362
2006-12,13691,0,36360,60820
2007-01,35775,0,44261,82659
2007-02,23302,0,47415,97745
2007-03,25936,1,59045,113684
2007-04,29160,1,62039,127091
2007-05,44229,1,65580,170643
2007-06,28057,1,62900,180439
2007-07,31420,0,73995,207659
2007-08,35582,0,84961,225203
2007-09,35225,0,91521,260123
2007-10,62448,0,101662,274924
2007-11,28496,0,107142,373975
2007-12,27419,0,110957,362979
2008-01,33332,306,143287,455129
2008-02,30771,61,147732,441245
2008-03,33643,545,169897,464387
2008-04,31474,224,168891,468865
2008-05,37465,630,178929,537406
2008-06,40301,1540,192977,579049
2008-07,41403,1524,219036,593005
2008-08,38573,1585,213981,597998
2008-09,43099,1432,258796,683651
2008-10,44447,1248,284929,789113
2008-11,42032,1625,276948,797219
2008-12,43404,1890,287571,852556
2009-01,52888,2149,337394,1058022
2009-02,51064,2152,334391,948344
2009-03,58812,2283,370394,1055005
2009-04,57449,2426,367355,1099697
2009-05,54475,2408,364984,1206715
2009-06,56395,2389,392516,1264047
2009-07,64072,2953,436016,1477059
2009-08,69943,3046,445941,1760218
2009-09,73429,3273,450769,2040509
2009-10,79232,3756,468877,2240352
2009-11,78275,2775,464344,2226624
2009-12,87945,2080,498628,2557647
2010-01,96497,2445,565217,2905450
2010-02,92172,3458,518733,2686848
2010-03,100400,4040,623178,3243501
2010-04,99713,4094,634455,3211545
2010-05,99793,3892,536295,3283363
2010-06,103067,3857,499033,3548140
2010-07,115865,4545,522386,4060855
2010-08,133784,4965,561752,4281423
2010-09,152043,1808,620834,4718729
2010-10,147386,1639,653032,5049686
2010-11,156233,1934,699986,5735450
2010-12,170626,2013,750552,5957395
2011-01,192205,2409,862205,6668561
2011-02,194640,2246,837849,6388389
2011-03,230680,2583,992189,7571304
2011-04,219910,2706,984104,7601725
2011-05,237391,3174,1101438,8896402
2011-06,233268,3383,1172192,9814580
2011-07,243923,4131,1281391,10633712
2011-08,283644,5718,1474301,12423445
2011-09,322543,5370,1503691,12222905
2011-10,327499,5544,1627731,13577570
2011-11,325497,5436,1666608,13753896
2011-12,348052,5927,1796186,14542605
2012-01,425189,8637,2028265,16527084
2012-02,419233,8211,1996717,16422774
2012-03,446002,8103,2188966,17954424
2012-04,468498,8713,2315044,19216041
2012-05,437879,8767,2336047,20510389
2012-06,543711,9790,2430131,21949445
2012-07,560730,11007,2727478,24387949
2012-08,574559,12593,2822897,25817623
2012-09,523669,11945,2645828,23609848
2012-10,497116,12612,2848964,24936572
2012-11,490460,11210,2769537,24834710
2012-12,503286,11114,2802846,26230630
2013-01,628410,13598,3224703,30694351
2013-02,567514,13357,2969247,27416555
2013-03,623222,13289,3286715,30977337
2013-04,632132,15066,3458898,33551836
2013-05,609353,14336,3334460,33281887
2013-06,566556,14602,3290711,33022329
2013-07,613224,15329,3470590,35257639
2013-08,639265,14578,3404255,35009325
2013-09,630462,13450,3342654,32325018
2013-10,650250,14024,3657559,36210545
2013-11,696966,14551,3617673,37827440
2013-12,758969,15347,3897270,40045414
2014-01,799461,23245,4311176,43017721
2014-02,719222,26406,4258096,39198081
2014-03,735193,23480,4457622,42942717
2014-04,740941,19154,4256699,42884781
2014-05,703823,19920,4327371,42886243
2014-06,683390,17860,4248739,42508122
2014-07,781972,21197,4654776,47416897
2014-08,807650,22609,4760451,47541298
2014-09,838559,22304,4736550,45680630
2014-10,829927,23660,5021485,47949180
2014-11,961855,40846,4977439,46891046
2014-12,1204939,21663,5156490,49234627
2015-01,1082964,27807,5705886,54590153
2015-02,1098516,45771,5298054,48901554
2015-03,1494934,18602,5851273,55307000
2015-04,1009347,20043,5819198,55748704
2015-05,1020310,18173,5979365,55148495
2015-06,706799,15181,4339853,37713725
