Month,Accounts,Subreddits,Submissions,Comments,Acc %,Sr %,Sub %,Com %
2005-06,48,0,113,0,0.00%,0.00%,0.00%,0.00%
2005-07,266,0,1188,0,0.00%,0.00%,0.00%,0.00%
2005-08,927,0,3276,0,0.00%,0.00%,0.00%,0.00%
2005-09,1450,0,5715,0,0.00%,0.00%,0.00%,0.00%
2005-10,2037,0,9223,0,0.01%,0.00%,0.00%,0.00%
2005-11,3422,0,12937,0,0.01%,0.00%,0.01%,0.00%
2005-12,6597,0,18267,2357,0.02%,0.00%,0.01%,0.00%
2006-01,10291,2,26395,10310,0.03%,0.00%,0.01%,0.00%
2006-02,15119,28,36022,19851,0.04%,0.00%,0.02%,0.00%
2006-03,22026,35,48705,34172,0.06%,0.00%,0.03%,0.00%
2006-04,28126,42,61488,54038,0.08%,0.00%,0.03%,0.00%
2006-05,35457,46,76429,81461,0.10%,0.01%,0.04%,0.00%
2006-06,45304,47,93508,111444,0.13%,0.01%,0.05%,0.01%
2006-07,54486,51,118407,149031,0.15%,0.01%,0.06%,0.01%
2006-08,68003,51,160684,199690,0.19%,0.01%,0.08%,0.01%
2006-09,82175,51,215847,250463,0.23%,0.01%,0.11%,0.01%
2006-10,97782,52,254595,304999,0.27%,0.01%,0.13%,0.02%
2006-11,118239,53,291815,367361,0.33%,0.01%,0.15%,0.02%
2006-12,131930,53,328175,428181,0.37%,0.01%,0.17%,0.02%
2007-01,167705,53,372436,510840,0.46%,0.01%,0.20%,0.03%
2007-02,191007,53,419851,608585,0.53%,0.01%,0.22%,0.04%
2007-03,216943,54,478896,722269,0.60%,0.01%,0.25%,0.04%
2007-04,246103,55,540935,849360,0.68%,0.01%,0.28%,0.05%
2007-05,290332,56,606515,1020003,0.80%,0.01%,0.32%,0.06%
2007-06,318389,57,669415,1200442,0.88%,0.01%,0.35%,0.07%
2007-07,349809,57,743410,1408101,0.97%,0.01%,0.39%,0.08%
2007-08,385391,57,828371,1633304,1.07%,0.01%,0.44%,0.10%
2007-09,420616,57,919892,1893427,1.16%,0.01%,0.48%,0.11%
2007-10,483064,57,1021554,2168351,1.34%,0.01%,0.54%,0.13%
2007-11,511560,57,1128696,2542326,1.42%,0.01%,0.59%,0.15%
2007-12,538979,57,1239653,2905305,1.49%,0.01%,0.65%,0.17%
2008-01,572311,363,1382940,3360434,1.58%,0.04%,0.73%,0.20%
2008-02,603082,424,1530672,3801679,1.67%,0.05%,0.80%,0.22%
2008-03,636725,969,1700569,4266066,1.76%,0.11%,0.89%,0.25%
2008-04,668199,1193,1869460,4734931,1.85%,0.14%,0.98%,0.28%
2008-05,705664,1823,2048389,5272337,1.95%,0.21%,1.08%,0.31%
2008-06,745965,3363,2241366,5851386,2.06%,0.39%,1.18%,0.34%
2008-07,787368,4887,2460402,6444391,2.18%,0.57%,1.29%,0.38%
2008-08,825941,6472,2674383,7042389,2.29%,0.76%,1.41%,0.41%
2008-09,869040,7904,2933179,7726040,2.40%,0.93%,1.54%,0.45%
2008-10,913487,9152,3218108,8515153,2.53%,1.07%,1.69%,0.50%
2008-11,955519,10777,3495056,9312372,2.64%,1.26%,1.84%,0.54%
2008-12,998923,12667,3782627,10164928,2.76%,1.48%,1.99%,0.59%
2009-01,1051811,14816,4120021,11222950,2.91%,1.74%,2.17%,0.65%
2009-02,1102875,16968,4454412,12171294,3.05%,1.99%,2.34%,0.71%
2009-03,1161687,19251,4824806,13226299,3.21%,2.25%,2.54%,0.77%
2009-04,1219136,21677,5192161,14325996,3.37%,2.54%,2.73%,0.84%
2009-05,1273611,24085,5557145,15532711,3.52%,2.82%,2.92%,0.91%
2009-06,1330006,26474,5949661,16796758,3.68%,3.10%,3.13%,0.98%
2009-07,1394078,29427,6385677,18273817,3.86%,3.45%,3.36%,1.07%
2009-08,1464021,32473,6831618,20034035,4.05%,3.80%,3.59%,1.17%
2009-09,1537450,35746,7282387,22074544,4.25%,4.19%,3.83%,1.29%
2009-10,1616682,39502,7751264,24314896,4.47%,4.63%,4.07%,1.42%
2009-11,1694957,42277,8215608,26541520,4.69%,4.95%,4.32%,1.55%
2009-12,1782902,44357,8714236,29099167,4.93%,5.20%,4.58%,1.70%
2010-01,1879399,46802,9279453,32004617,5.20%,5.48%,4.88%,1.87%
2010-02,1971571,50260,9798186,34691465,5.46%,5.89%,5.15%,2.02%
2010-03,2071971,54300,10421364,37934966,5.73%,6.36%,5.48%,2.21%
2010-04,2171684,58394,11055819,41146511,6.01%,6.84%,5.81%,2.40%
2010-05,2271477,62286,11592114,44429874,6.29%,7.29%,6.09%,2.59%
2010-06,2374544,66143,12091147,47978014,6.57%,7.75%,6.36%,2.80%
2010-07,2490409,70688,12613533,52038869,6.89%,8.28%,6.63%,3.03%
2010-08,2624193,75653,13175285,56320292,7.26%,8.86%,6.93%,3.28%
2010-09,2776236,77461,13796119,61039021,7.68%,9.07%,7.25%,3.56%
2010-10,2923622,79100,14449151,66088707,8.09%,9.26%,7.60%,3.85%
2010-11,3079855,81034,15149137,71824157,8.52%,9.49%,7.96%,4.19%
2010-12,3250481,83047,15899689,77781552,9.00%,9.73%,8.36%,4.53%
2011-01,3442686,85456,16761894,84450113,9.53%,10.01%,8.81%,4.92%
2011-02,3637326,87702,17599743,90838502,10.07%,10.27%,9.25%,5.30%
2011-03,3868006,90285,18591932,98409806,10.70%,10.57%,9.77%,5.74%
2011-04,4087916,92991,19576036,106011531,11.31%,10.89%,10.29%,6.18%
2011-05,4325307,96165,20677474,114907933,11.97%,11.26%,10.87%,6.70%
2011-06,4558575,99548,21849666,124722513,12.61%,11.66%,11.49%,7.27%
2011-07,4802498,103679,23131057,135356225,13.29%,12.14%,12.16%,7.89%
2011-08,5086142,109397,24605358,147779670,14.07%,12.81%,12.93%,8.61%
2011-09,5408685,114767,26109049,160002575,14.97%,13.44%,13.73%,9.33%
2011-10,5736184,120311,27736780,173580145,15.87%,14.09%,14.58%,10.12%
2011-11,6061681,125747,29403388,187334041,16.77%,14.73%,15.46%,10.92%
2011-12,6409733,131674,31199574,201876646,17.74%,15.42%,16.40%,11.77%
2012-01,6834922,140311,33227839,218403730,18.91%,16.43%,17.47%,12.73%
2012-02,7254155,148522,35224556,234826504,20.07%,17.39%,18.52%,13.69%
2012-03,7700157,156625,37413522,252780928,21.31%,18.34%,19.67%,14.74%
2012-04,8168655,165338,39728566,271996969,22.61%,19.36%,20.88%,15.86%
2012-05,8606534,174105,42064613,292507358,23.82%,20.39%,22.11%,17.05%
2012-06,9150245,183895,44494744,314456803,25.32%,21.54%,23.39%,18.33%
2012-07,9710975,194902,47222222,338844752,26.87%,22.83%,24.82%,19.75%
2012-08,10285534,207495,50045119,364662375,28.46%,24.30%,26.31%,21.26%
2012-09,10809203,219440,52690947,388272223,29.91%,25.70%,27.70%,22.63%
2012-10,11306319,232052,55539911,413208795,31.29%,27.18%,29.20%,24.09%
2012-11,11796779,243262,58309448,438043505,32.65%,28.49%,30.65%,25.54%
2012-12,12300065,254376,61112294,464274135,34.04%,29.79%,32.13%,27.06%
2013-01,12928475,267974,64336997,494968486,35.78%,31.39%,33.82%,28.85%
2013-02,13495989,281331,67306244,522385041,37.35%,32.95%,35.38%,30.45%
2013-03,14119211,294620,70592959,553362378,39.07%,34.51%,37.11%,32.26%
2013-04,14751343,309686,74051857,586914214,40.82%,36.27%,38.93%,34.21%
2013-05,15360696,324022,77386317,620196101,42.51%,37.95%,40.68%,36.15%
2013-06,15927252,338624,80677028,653218430,44.08%,39.66%,42.41%,38.08%
2013-07,16540476,353953,84147618,688476069,45.77%,41.46%,44.24%,40.13%
2013-08,17179741,368531,87551873,723485394,47.54%,43.16%,46.02%,42.17%
2013-09,17810203,381981,90894527,755810412,49.29%,44.74%,47.78%,44.06%
2013-10,18460453,396005,94552086,792020957,51.09%,46.38%,49.70%,46.17%
2013-11,19157419,410556,98169759,829848397,53.01%,48.08%,51.61%,48.37%
2013-12,19916388,425903,102067029,869893811,55.11%,49.88%,53.66%,50.71%
2014-01,20715849,449148,106378205,912911532,57.33%,52.60%,55.92%,53.22%
2014-02,21435071,475554,110636301,952109613,59.32%,55.70%,58.16%,55.50%
2014-03,22170264,499034,115093923,995052330,61.35%,58.45%,60.50%,58.01%
2014-04,22911205,518188,119350622,1037937111,63.40%,60.69%,62.74%,60.51%
2014-05,23615028,538108,123677993,1080823354,65.35%,63.02%,65.02%,63.01%
2014-06,24298418,555968,127926732,1123331476,67.24%,65.12%,67.25%,65.48%
2014-07,25080390,577165,132581508,1170748373,69.41%,67.60%,69.70%,68.25%
2014-08,25888040,599774,137341959,1218289671,71.64%,70.25%,72.20%,71.02%
2014-09,26726599,622078,142078509,1263970301,73.96%,72.86%,74.69%,73.68%
2014-10,27556526,645738,147099994,1311919481,76.26%,75.63%,77.33%,76.48%
2014-11,28518381,686584,152077433,1358810527,78.92%,80.41%,79.95%,79.21%
2014-12,29723320,708247,157233923,1408045154,82.25%,82.95%,82.66%,82.08%
2015-01,30806284,736054,162939809,1462635307,85.25%,86.21%,85.66%,85.26%
2015-02,31904800,781825,168237863,1511536861,88.29%,91.57%,88.44%,88.11%
2015-03,33399734,800427,174089136,1566843861,92.43%,93.75%,91.52%,91.34%
2015-04,34409081,820470,179908334,1622592565,95.22%,96.09%,94.58%,94.59%
2015-05,35429391,838643,185887699,1677741060,98.04%,98.22%,97.72%,97.80%
2015-06," 36,136,190 "," 853,824 "," 190,227,552 "," 1,715,454,785 ",100.00%,100.00%,100.00%,100.00%
