Month,Uniques,Pageviews
2008-03,2162660,38265118
2008-04,2392115,44002410
2008-05,1989498,39968474
2008-06,2170236,38162292
2008-07,2495499,51164377
2008-08,2453188,51199356
2008-09,3282037,58935955
2008-10,3636533,70105551
2008-11,4381190,76708823
2008-12,4642887,76006898
2009-01,4936200,87992354
2009-02,4897832,81773174
2009-03,5664590,89987590
2009-04,5637990,93414048
2009-05,5066746,94949626
2009-06,5995125,100103547
2009-07,5701649,115462315
2009-08,5413100,128078277
2009-09,5851735,139034907
2009-10,7148299,156133818
2009-11,7195276,158035268
2009-12,7240994,188516982
2010-01,7446801,215517158
2010-02,6984826,212709326
2010-03,6976089,252731909
2010-04,6897555,262872259
2010-05,6338642,279608336
2010-06,7193417,270226267
2010-07,7275451,279891841
2010-08,7731033,309855512
2010-09,9992450,381207477
2010-10,10384113,419986161
2010-11,10173639,473016375
2010-12,12058819,515396674
2011-01,12284583,590531477
2011-02,12654137,594987855
2011-03,16925815,1133827794
2011-04,15849403,1223575706
2011-05,17265193,1265952309
2011-06,17659525,1170823083
2011-07,17647542,1324365786
2011-08,20527205,1530950265
2011-09,25423496,1701513132
2011-10,25962391,1796348631
2011-11,30437281,1995397084
2011-12,31499510,2129170474
2012-01,33024629,2425284925
2012-02,29665607,2249088621
2012-03,33458449,2570190902
2012-04,34244791,2800663848
2012-05,33919033,2923904744
2012-06,34967591,2963119550
2012-07,35420344,3284882674
2012-08,42136047,3649531124
2012-09,39465171,3569132916
2012-10,41673778,3910630670
2012-11,41270081,3722123291
2012-12,41274542,3824582756
2013-01,49749288,4472232667
2013-02,49431409,4106339657
2013-03,58574494,4677827608
2013-04,62222322,5133229381
2013-05,60775414,5072901484
2013-06,60665310,4851589371
2013-07,55585238,5009041710
2013-08,60977184,5030269513
2013-09,71421122,4870175101
2013-10,80897424,5309391170
2013-11,83087299,5430753314
2013-12,93824719,5641425081
2014-01,98657897,5829045257
2014-02,101668995,5387052552
2014-03,107286221,5899489633
2014-04,97623271,5651540602
2014-05,104054202,5744579004
2014-06,100467001,5475710581
2014-07,113545260,5875232668
2014-08,120759930,6014376327
2014-09,162750613,6650913638
2014-10,147861482,6357439451
2014-11,138953329,6343354966
2014-12,142084004,6577074398
2015-01,159627929,7086850614
2015-02,151712210,6665829148
2015-03,168519576,7558161383
2015-04,169026326,7553570911
2015-05,172710261,7566868985
